{"position":[176.85899353027344,215.45899963378906,145,165.48199462890625,217.89700317382812,130,163.85699462890625,217.0850067138672,115,165.48199462890625,209.77099609375,102.5,167.28799438476562,201.093994140625,98.57510375976562,174.79299926757812,191.25,88.81770324707031,178.03799438476562,181.38800048828125,82.13870239257812,184.55099487304688,171.56199645996094,79.0604019165039,184.55099487304688,150.468994140625,82.81320190429688,186.052001953125,143.43699645996094,90.31880187988281,187.42300415039062,133.38299560546875,107.5,187.42300415039062,129.31900024414062,127.5,189.0489959716797,127.69400024414062,135,189.0489959716797,128.5070037841797,147.5,189.7259979248047,133.00799560546875,165.4510040283203,190.6739959716797,145.57200622558594,195,191.48599243164062,155.32400512695312,215,194.73699951171875,166.7010040283203,240,197.1750030517578,175.63999938964844,257.5,197.98800659179688,187.01699829101562,282.5,200.42599487304688,192.7050018310547,302.5,197.1750030517578,200.0189971923828,330],"orientation":[1,0,0,0,0,0.9870474934577942,0.16042834520339966,0,0,0.16042834520339966,-0.9870474934577942,0,0,0,0,1,1,0,0,0,0,0.9985343813896179,0.05412080138921738,0,0,0.05412080138921738,-0.9985343813896179,0,0,0,0,1,1,0,0,0,0,0.9590081572532654,-0.2833784520626068,0,0,-0.2833784520626068,-0.9590081572532654,0,0,0,0,1,1,0,0,0,0,0.7165071368217468,-0.6975797414779663,0,0,-0.6975797414779663,-0.7165071368217468,0,0,0,0,1,1,0,0,0,0,0.5941906571388245,-0.804324209690094,0,0,-0.804324209690094,-0.5941906571388245,0,0,0,0,1,1,0,0,0,0,0.6405233144760132,-0.7679387331008911,0,0,-0.7679387331008911,-0.6405233144760132,0,0,0,0,1,1,0,0,0,0,0.4440542161464691,-0.8959999084472656,0,0,-0.8959999084472656,-0.4440542161464691,0,0,0,0,1,1,0,0,0,0,-0.021809855476021767,-0.9997621178627014,0,0,-0.9997621178627014,0.021809855476021767,0,0,0,0,1,1,0,0,0,0,-0.3716296851634979,-0.9283810257911682,0,0,-0.9283810257911682,0.3716296851634979,0,0,0,0,1,1,0,0,0,0,-0.8222679495811462,-0.5691004991531372,0,0,-0.5691004991531372,0.8222679495811462,0,0,0,0,1,1,0,0,0,0,-0.9348742365837097,-0.35497915744781494,0,0,-0.35497915744781494,0.9348742365837097,0,0,0,0,1,1,0,0,0,0,-0.9792650938034058,-0.20258307456970215,0,0,-0.20258307456970215,0.9792650938034058,0,0,0,0,1,1,0,0,0,0,-0.9991768598556519,-0.04056640341877937,0,0,-0.04056640341877937,0.9991768598556519,0,0,0,0,1,1,0,0,0,0,-0.9851123690605164,0.17191165685653687,0,0,0.17191165685653687,0.9851123690605164,0,0,0,0,1,1,0,0,0,0,-0.9411081671714783,0.33810555934906006,0,0,0.33810555934906006,0.9411081671714783,0,0,0,0,1,1,0,0,0,0,-0.9117909073829651,0.41065481305122375,0,0,0.41065481305122375,0.9117909073829651,0,0,0,0,1,1,0,0,0,0,-0.9051862955093384,0.42501509189605713,0,0,0.42501509189605713,0.9051862955093384,0,0,0,0,1,1,0,0,0,0,-0.9022176265716553,0.43128111958503723,0,0,0.43128111958503723,0.9022176265716553,0,0,0,0,1,1,0,0,0,0,-0.9022176265716553,0.43128111958503723,0,0,0.43128111958503723,0.9022176265716553,0,0,0,0,1,1,0,0,0,0,-0.9350248575210571,0.3545822501182556,0,0,0.3545822501182556,0.9350248575210571,0,0,0,0,1,1,0,0,0,0,-0.9645187854766846,0.2640141546726227,0,0,0.2640141546726227,0.9645187854766846,0,0,0,0,1,1,0,0,0,0,-0.9664039015769958,0.25702813267707825,0,0,0.25702813267707825,0.9664039015769958,0,0,0,0,1]}