{"position":[160.4759162404053,183.8086909344981,2.5000000000000564,159.36266071728213,177.68578555732046,15.000000000000057,161.03254400196693,165.99660256452688,27.500000000000057,163.81568280977493,151.52428076392528,42.50000000000006,166.04219385602133,139.83509777113167,57.50000000000006,167.71207714070613,128.14591477833807,72.50000000000006,166.59882161758293,119.79649835491408,90.00000000000006,166.04219385602133,112.00370969305168,112.50000000000006,166.59882161758293,109.77719864680527,132.50000000000006,166.04219385602133,109.77719864680527,150.00000000000006,167.71207714070613,113.67359297773648,172.50000000000006,172.16509923319893,118.68324283179088,195.00000000000006,173.83498251788373,122.57963716272208,207.50000000000006,177.7313768488149,124.80614820896851,217.50000000000006,180.5145156566229,133.7121923939541,240.00000000000006,189.4205598416085,146.5146309098709,267.50000000000006,191.0904431262933,159.31706942578768,297.50000000000006,187.7506765569237,170.44962465701968,330.00000000000006],"orientation":[1,0,0,0,0,-0.8951910891649871,-0.43849362667598396,0,0.07972611394108559,0.43849362667598396,-0.8951910891649871,0,0,0,0,1,1,0,0,0,0,-0.8142932282848118,-0.5801705176511281,0,-0.01813032867659868,0.5801705176511281,-0.8142932282848118,0,0,0,0,1,1,0,0,0,0,-0.7195837665033622,-0.6845597875137116,0,-0.11652081489595105,0.6845597875137116,-0.7195837665033622,0,0,0,0,1,1,0,0,0,0,-0.7477784430289229,-0.6521003107232924,0,-0.12487027226616237,0.6521003107232924,-0.7477784430289229,0,0,0,0,1,1,0,0,0,0,-0.7846711616302167,-0.6114776531642354,0,-0.10191294219403924,0.6114776531642354,-0.7846711616302167,0,0,0,0,1,1,0,0,0,0,-0.8511163169270675,-0.5247747363540923,0,-0.01457707600983591,0.5247747363540923,-0.8511163169270675,0,0,0,0,1,1,0,0,0,0,-0.9266413781634073,-0.3739508791706536,0,0.03868457370730903,0.3739508791706536,-0.9266413781634073,0,0,0,0,1,1,0,0,0,0,-0.9733185352162832,-0.22945812037151517,0,0,0.22945812037151517,-0.9733185352162832,0,0,0,0,1,1,0,0,0,0,-0.9982420327181917,-0.05926925100465373,0,0,0.05926925100465373,-0.9982420327181917,0,0,0,0,1,1,0,0,0,0,-0.9949075323347023,0.09691380171974212,0,-0.027689657634212037,-0.09691380171974212,-0.9949075323347023,0,0,0,0,1,1,0,0,0,0,-0.9723492573007179,0.19243967663906952,0,-0.13230227768936031,-0.19243967663906952,-0.9723492573007179,0,0,0,0,1,1,0,0,0,0,-0.9554829059915173,0.24313065653596855,0,-0.16715232636847838,-0.24313065653596855,-0.9554829059915173,0,0,0,0,1,1,0,0,0,0,-0.9385406161572778,0.25540423934973344,0,-0.23218567213611907,-0.25540423934973344,-0.9385406161572778,0,0,0,0,1,1,0,0,0,0,-0.9286472589653068,0.3180989815619539,0,-0.19085938893717125,-0.3180989815619539,-0.9286472589653068,0,0,0,0,1,1,0,0,0,0,-0.8968851226076998,0.3894003033765195,0,-0.20967708643351063,-0.3894003033765195,-0.8968851226076998,0,0,0,0,1,1,0,0,0,0,-0.9008921273230787,0.4011692545922503,0,-0.16570034428810357,-0.4011692545922503,-0.9008921273230787,0,0,0,0,1,1,0,0,0,0,-0.9335720675686494,0.35752066559629414,0,0.02494330225090427,-0.35752066559629414,-0.9335720675686494,0,0,0,0,1,1,0,0,0,0,-0.941598797565795,0.32253540367885714,0,0.09676062110365714,-0.32253540367885714,-0.941598797565795,0,0,0,0,1]}